nom_domaine;date_creation;expiration;bureau_enregistrement;organisation;ville;etat;pays;Commentaire
adcash;;;;;;;;
adledge;2008-01-23T23:58:35Z;2017-01-23T23:58:35Z;CSL Computer Service Langenbach GmbH d/b/a joker.com;;Le Mans;;FR;
linter;;;;;;;;
list;;;;;;;;
openstat;;;;;;;;
mystat-in;;;;;;;;
uarating;;;;;;;;
hit;;;;;;;;
rambler;;;;;;;;
bigmir;;;;;;;;
spylog;;;;;;;;
adslvr;;;;;;;;
wibbitz;;;;;;;;
wonderpush;2014-03-25T16:11:37.0Z;2017-03-25T16:11:37.0Z;ONLINE SAS;Yakaz;PARIS;;FR;
ez;;;;;;;;
dynamicdmp;2015-06-12T11:26:13.0Z;2016-06-12T11:26:13.0Z;OVH, SAS;;59053;;;
cdnma;;;;;;;;
telestar;;;;;;;;
digimondo;;;;;;;;
context-up;2013-03-18T10:21:12.0Z;2015-03-18T10:21:12.0Z;OVH, SAS;LOOKNBE;Fontenay-le-Fleury;;;
iad-m;2008-04-25T11:25:49-0700;2017-04-25T11:25:49-0700;MarkMonitor, Inc.;Amazon.com, Inc.;Seattle;WA;US;
mmotraffic;;;;;;;;
mystreamusercontent;;;;;;;;
safran-group;;;;;;;;
d2q79iu7y748jz;2008-04-25T11:25:49-0700;2017-04-25T11:25:49-0700;MarkMonitor, Inc.;Amazon.com, Inc.;Seattle;WA;US;
addthisedge;;;;;;;;
eclkspbn;;;;;;;;
eclkmpsa;;;;;;;;
eclkmpbn;;;;;;;;
lax3;2008-04-25T11:25:49-0700;2017-04-25T11:25:49-0700;MarkMonitor, Inc.;Amazon.com, Inc.;Seattle;WA;US;
bluetigers;;;;;;;;
lebonbuzz;;;;;;;;
nrt12;2008-04-25T11:25:49-0700;2017-04-25T11:25:49-0700;MarkMonitor, Inc.;Amazon.com, Inc.;Seattle;WA;US;
enmediadonner;;;;;;;;
d34fy04abkfw5;2008-04-25T11:25:49-0700;2017-04-25T11:25:49-0700;MarkMonitor, Inc.;Amazon.com, Inc.;Seattle;WA;US;
purepeople;2004-01-04T18:11:42.0Z;2016-01-04T18:11:42.0Z;OVH, SAS;Webedia;Paris;;;
digitalgov;;;;;;;;
nasaimages;;;;;;;;
ixiaa;;;;;;;;
amazon-adsystem;2011-09-16T11:47:08-0700;2016-09-16T00:00:00-0700;MarkMonitor, Inc.;Amazon Technologies, Inc.;Reno;NV;US;
kinja;2002-05-24T00:00:00-0700;2017-05-24T00:00:00-0700;MarkMonitor, Inc.;Kinja Kft.;Budapest;HU;HU;
kinja-img;2013-12-11T12:42:19-0800;2015-12-11T12:42:19-0800;MarkMonitor, Inc.;Kinja Kft.;Budapest;HU;HU;
warnerbros;;;;;;;;
ttvnw;2012-12-18T21:29:09-0800;2016-12-18T21:29:09-0800;MarkMonitor, Inc.;Twitch Interactive, Inc.;San Francisco;CA;US;
justin;2006-08-17T18:59:28-0700;2016-08-17T18:59:28-0700;MarkMonitor, Inc.;Twitch Interactive, Inc.;San Francisco;CA;US;
twitch;2009-06-08T15:31:23-0700;2020-06-08T15:31:23-0700;MarkMonitor, Inc.;Twitch Interactive, Inc.;San Francisco;CA;US;
blogads;;;;;;;;
dennis-whitepapers;2005-08-17T19:10:45-0700;2018-01-15T20:59:59-0800;MarkMonitor, Inc.;Amazon.com, Inc.;Seattle;WA;US;
feedbackify;;;;;;;;
windows;1995-08-09T21:00:00-0700;2016-06-04T09:06:16-0700;MarkMonitor, Inc.;Microsoft Corporation;Redmond;WA;US;
cvtr;;;;;;;;
expansys;09/05/2000 00:00;09/05/2015 06:13;CSC CORPORATE DOMAINS, INC.;Expansys Limited;Manchester;.;GB;
instagram;2004-06-04T06:37:18-0700;2021-06-04T06:37:18-0700;MarkMonitor, Inc.;Instagram LLC.;Menlo Park;CA;US;
grvcdn;2009-11-13T00:46:50Z;2016-11-13T00:46:50Z;CSC CORPORATE DOMAINS, INC.;AOL Inc.;Dulles;VA;US;
simplereach;;;;;;;;
aol;1995-06-22T04:00:00Z;2015-11-23T12:02:22Z;CSC CORPORATE DOMAINS, INC.;AOL Inc.;Dulles;VA;US;
hulu;1997-02-21T05:00:00Z;2019-02-22T05:00:00Z;CSC CORPORATE DOMAINS, INC.;Hulu, LLC;Santa Monica;CA;US;
viadeo-static;;;;;;;;
aolcdn;2005-01-05T13:55:10Z;2016-01-05T13:55:10Z;CSC CORPORATE DOMAINS, INC.;AOL Inc.;Dulles;VA;US;
viadeo;2005-12-12T13:20:46Z;2016-12-12T13:20:46Z;GANDI SAS;Viadeo;Paris;Ile-de-France;FR;
digiteka;;;;;;;;
ayads;;;;;;;;
placehold;;;;;;;;
;;;;;;;;
sun;1986-03-19T05:00:00Z;2017-03-20T04:00:00Z;TUCOWS, INC.;Oracle Corporation;Redwood Shores;CA;US;
vulgarisation-informatique;2003-10-19T03:15:43Z;2015-10-19T07:15:43Z;GANDI SAS;;Obfuscated whois Gandi-Paris;;FR;
developpez;;;;;;;;
fobec;;;;;;;;
mik;;;;;;;;
programmingsimplified;;;;;;;;
non-stop-people;;;;;;;;
probance;2004-03-30T07:11:25Z;2017-03-30T11:11:25Z;GANDI SAS;Probance;Suresnes;;FR;
closermag;;;;;;;;
joygames;;;;;;;;
vkunlock3;;;;;;;;
mystream;;;;;;;;
south-park-streaming;;;;;;;;
profils;;;;;;;;
cnes;;;;;;;;
news-n-quizz;;;;;;;;
saviezvous;;;;;;;;
revdepo;;;;;;;;
counterbalancegenusonychomys;;;;;;;;
rapidgator;;;;;;;;
dfiles;;;;;;;;
depositfiles;2005-11-05T00:00:00Z;2017-11-04T00:00:00Z;Eurodns S.A.;SONGUL CORPORATION;Victoria;;SC;
ul;;;;;;;;
uploaded;;;;;;;;
genup;;;;;;;;
safeyourlink;2014-07-25T08:06:01Z;;DYNADOT, LLC;;;;;
jeuxactus;;;;;;;;
filmsactu;;;;;;;;
casimages;2005-10-31T07:25:33.0Z;2015-10-31T06:25:33.0Z;OVH, SAS;ASCRIII;Outreau;;;
zupmage;;;;;;;;
coinbd;2001-03-10T05:35:24Z;2015-03-10T09:35:24Z;GANDI SAS;;Meyzieu;;FR;
ultraimg;;;;;;;;
thetvdb;;;;;;;;
master-prez;;;;;;;;
purecine;;;;;;;;
israbox;2008-09-25T00:00:00Z;2016-03-21T04:00:00Z;REGTIME LTD.;Legato LLC;Samara;Samara;RU;
sospc20;;;;;;;;
rhap;;;;;;;;
free;;;;;;;;
acsta;2012-01-09T16:12:25Z;2023-01-09T16:12:25Z;GANDI SAS;Les Productions du Telephone;Paris;;FR;
firerk;2015-06-11T07:08:00.0Z;2016-06-11T07:08:00.0Z;OVH, SAS;Dixia;Clermont-Ferrand;;;
thebadside;;;;;;;;
allocine;;;;;;;;
choualbox;;;;;;;;
quizz;;;;;;;;
dvidshub;;;;;;;;
nasa;;;;;;;;
kinja-static;2013-12-11T12:42:19-0800;2015-12-11T12:42:19-0800;MarkMonitor, Inc.;Kinja Kft.;Budapest;HU;HU;
gizmodo;2002-07-01T00:00:00-0700;2017-07-01T00:00:00-0700;MarkMonitor, Inc.;Kinja Kft.;Budapest;HU;HU;
uvcdn;2013-02-26T21:11:51-07:00Z;2017-02-26T21:11:51-07:00Z;Name.com, Inc. ;Whois Privacy Protection Service, Inc. ;Kirkland ;WA ;US ;
vrideo;;;;;;;;
tedx;;;;;;;;
steamstatic;2013-11-07T01:00:15Z;2018-11-06T05:00:00Z;NETWORK SOLUTIONS, LLC.;Valve Corporation;Bellevue;WA;US;
jtvnw;2008-11-11T23:43:25-0800;2016-11-11T23:43:25-0800;MarkMonitor, Inc.;Twitch Interactive, Inc.;San Francisco;CA;US;
very-good-idea;2012-09-28T15:35:30Z;2015-10-10T22:00:00Z;CPS-Datensysteme GmbH;Stefan Frackowiak;Brueggen;-;DE;
itpro;;;;;;;;
htc;1990-05-16T04:00:00Z;2016-05-17T04:00:00Z;NETWORK SOLUTIONS, LLC.;HTC Corporation;Taoyuan;Taiwan;TW;
htcvr;2015-01-28T10:12:25Z GMT+8;2016-01-28T10:12:25Z GMT+8;Net-Chinese Co., Ltd.;HTC,Corporation;Taoyuan;Taoyuan;TW;
wareable;;;;;;;;
huffpo;2009-04-27T16:33:53Z;2016-04-27T16:33:53Z;CSC CORPORATE DOMAINS, INC.;The Huffingtonpost.com, Inc.;New York;NY;US;
gravity;1993-04-27T04:00:00Z;2016-04-28T04:00:00Z;NETWORK SOLUTIONS, LLC.;Gravity.com, Inc.;Santa Monica;CA;US;
d8rk54i4mohrb;2008-04-25T11:25:49-0700;2017-04-25T11:25:49-0700;MarkMonitor, Inc.;Amazon.com, Inc.;Seattle;WA;US;
huffpost;2005-03-10T17:07:10Z;2016-03-10T16:07:10Z;CSC CORPORATE DOMAINS, INC.;TheHuffingtonPost.com, Inc.;New York;NY;US;
huffingtonpost;;;;;;;;
extase-y;2015-09-05T12:49:12.0Z;2016-09-05T12:49:12.0Z;OVH, SAS;;59053;;;
buzzutopia;2015-02-01T16:00:12.0Z;2016-02-01T16:00:12.0Z;OVH, SAS;;59053;;;
hpics;;;;;;;;
goldenmoustache;2012-01-14T09:40:28.0Z;2016-01-14T09:40:28.0Z;OVH, SAS;M6 WEB;LYON;;;
webtrends;;;;;;;;
bdimg;;;;;;;;
yunshipei;;;;;;;;
qtmojo;;;;;;;;
adwidecenter;2012-07-02T11:34:13.0Z;2015-07-02T11:34:13.0Z;OVH, SAS;FAROS;La seyne sur mer;;;
dwmvwp56lzq5t;2008-04-25T11:25:49-0700;2017-04-25T11:25:49-0700;MarkMonitor, Inc.;Amazon.com, Inc.;Seattle;WA;US;
d33wq5gej88ld6;2008-04-25T11:25:49-0700;2017-04-25T11:25:49-0700;MarkMonitor, Inc.;Amazon.com, Inc.;Seattle;WA;US;
yieldify;;;;;;;;
aid;;;;;;;;
avenseo;2008-05-02T13:12:08Z;2015-05-02T13:12:08Z;GANDI SAS;AVENSEO;Paris;;FR;
d1fc8wv8zag5ca;2008-04-25T11:25:49-0700;2017-04-25T11:25:49-0700;MarkMonitor, Inc.;Amazon.com, Inc.;Seattle;WA;US;
mmtro;2012-09-04T09:04:13.0Z;2016-09-04T09:04:13.0Z;OVH, SAS;1000mercis;Paris;;;
caradisiac-publicite;2009-07-07T15:00:35Z;2015-07-07T15:00:35Z;GANDI SAS;"CAR&amp;BOATMEDIA SAS";PARIS;;FR;
hapyak;;;;;;;;
taboolasyndication;2007-08-13T08:15:36+0000Z;2020-08-13T08:15:36+0000Z;pairNIC INC;Taboola.com LTD;Tel Aviv;n/a;IL;
sharedcount;;;;;;;;
wysistat;2000-10-17T05:49:57Z;2016-10-17T09:49:57Z;GANDI SAS;ID.fr;Besancon;;FR;
ultimedia;2007-10-12T05:50:15Z;2016-11-13T05:00:00Z;NETWORK SOLUTIONS, LLC.;;PARIS;;FR;
d3mlfyygrfdi2i;2008-04-25T11:25:49-0700;2017-04-25T11:25:49-0700;MarkMonitor, Inc.;Amazon.com, Inc.;Seattle;WA;US;
imgix;2011-06-23T01:52:27Z;2019-06-23T01:52:27Z;GANDI SAS;Zebrafish Labs;San Francisco;California;US;
ssl-images-amazon;2004-07-20T16:52:20-0700;2018-04-15T20:59:59-0700;MarkMonitor, Inc.;Amazon Technologies, Inc.;Reno;NV;US;
soonnight;;;;;;;;
leboost;;;;;;;;
spi0n;2010-01-11T19:06:50.0Z;2016-01-11T19:06:50.0Z;OVH, SAS;Feed Up Networks;Toulouse;;;
skidrowreloaded;2014-10-18T22:03:13-06:00Z;2017-10-18T22:03:13-06:00Z;Name.com, Inc. ;Whois Privacy Protection Service, Inc. ;Kirkland ;WA ;US ;
liveintercept;;;;;;;;
gqmagazine;;;;;;;;
leschiensdelenfer;;;;;;;;
kickstarter;;;;;;;;
images-amazon;2004-07-20T16:52:20-0700;2018-04-15T20:59:59-0700;MarkMonitor, Inc.;Amazon Technologies, Inc.;Reno;NV;US;
amazon;;;;;;;;
cardsagainsthumanity;2009-01-09T07:51:57Z;2024-01-09T07:51:57Z;FastDomain Inc.;CARDS AGAINST HUMANITY LLC;LOS ANGELES;CALIFORNIA;UNITED STATES;
atl50;2008-04-25T11:25:49-0700;2017-04-25T11:25:49-0700;MarkMonitor, Inc.;Amazon.com, Inc.;Seattle;WA;US;
atdmt;2001-08-17T15:04:28-0700;2017-08-17T15:04:28-0700;MarkMonitor, Inc.;Facebook, Inc.;Menlo Park;CA;US;
t;;;;;;;;
proxistore;;;;;;;;
100quiz;2014-03-06T15:30:11.0Z;2020-03-06T15:30:11.0Z;OVH, SAS;MOT DIESE;Paris;;;
11footballclub;2011-02-25T19:17:09Z;2019-02-25T19:17:09Z;GANDI SAS;11FootballClub;NANTES;Pays de la Loire;FR;
avanis;;;;;;;;
lequipe;;;;;;;;
scene7;2000-06-23T14:53:26Z;2016-06-23T14:53:26Z;CSC CORPORATE DOMAINS, INC.;Adobe Systems Incorporated;San Jose;CA;US;
360yield;;;;;;;;
adtechus;2006-10-26T11:55:40Z;2015-10-26T11:55:40Z;CSC CORPORATE DOMAINS, INC.;AOL Inc.;Dulles;VA;US;
bazaarvoice;;;;;;;;
calotag;2011-07-05T09:50:55Z;2016-07-05T09:50:55Z;GANDI SAS;Caloga;Paris;;FR;
ip-label;;;;;;;;
commander1;2013-10-30T13:04:12.0Z;2015-10-30T13:04:12.0Z;OVH, SAS;Fjord Technologies;Paris;;;
esearchvision;2004-06-18T00:00:00Z;2017-06-18T00:00:00Z;NETWORK SOLUTIONS, LLC.;;Paris;IDF;FR;
tagcommander;2009-12-09T08:44:51.0Z;2015-12-09T08:44:51.0Z;OVH, SAS;Fjord Technologies;Paris;;;
lengow;2009-04-23T08:50:04Z;2016-04-23T08:50:04Z;GANDI SAS;LENGOW;Nantes;;FR;
avatarsdb;;;;;;;;
onepiecepics;;;;;;;;
eburlet;;;;;;;;
spreadshirt;;;;;;;;
twikeo;2007-11-17T08:04:29.0Z;2015-11-17T08:04:29.0Z;OVH, SAS;Packref Multimedia S.A.R.L;saint-raphael;;;
1001avatars;;;;;;;;
skyrock;2001-11-24T14:33:19Z;2016-11-24T14:33:19Z;GANDI SAS;TELEFUN;Paris;Ile-de-France;FR;
tumblr;2006-06-08T15:11:40-0700;2023-06-08T15:11:40-0700;MarkMonitor, Inc.;Tumblr, Inc.;New York;NY;US;
livecount;;;;;;;;
ams1;2008-04-25T11:25:49-0700;2017-04-25T11:25:49-0700;MarkMonitor, Inc.;Amazon.com, Inc.;Seattle;WA;US;
yadro;;;;;;;;
adverkeyz;;;;;;;;
iad12;2008-04-25T11:25:49-0700;2017-04-25T11:25:49-0700;MarkMonitor, Inc.;Amazon.com, Inc.;Seattle;WA;US;
longtailvideo;;;;;;;;
pldh;;;;;;;;
nocookie;2007-10-19T20:18:04Z;2015-10-19T20:18:04Z;TUCOWS, INC.;Contact Privacy Inc. Customer 0130027497;Toronto;ON;CA;
rackspacecloud;2008-06-17T06:23:25Z;2016-06-17T06:23:25Z;CSC CORPORATE DOMAINS, INC.;Rackspace US, Inc.;San Antonio;TX;US;
statcounter;2000-01-05T19:19:20+0000Z;2016-01-05T19:19:20+0000Z;pairNIC INC;StatCounter;Taylor's Lane;Dublin;IE;
widgetbox;;;;;;;;
widgetserver;;;;;;;;
mailchimp;2001-06-29T22:51:45Z;2018-06-29T04:00:00Z;NETWORK SOLUTIONS, LLC.;ROCKET SCIENCE GROUP;Atlanta;GA;US;
hotjar;;;;;;;;
mail;;;;;;;;
tns-counter;;;;;;;;
mdn2015x3;;;;;;;;
embed;;;;;;;;
gamer-network;;;;;;;;
theme-sphere;;;;;;;;
apple;1987-02-19T05:00:00Z;2021-02-20T05:00:00Z;CSC CORPORATE DOMAINS, INC.;Apple Inc.;Cupertino;CA;US;
raw;2014-02-06T13:17:00-0800;2016-02-06T13:17:00-0800;MarkMonitor, Inc.;GitHub, Inc.;San Francisco;CA;US;
dump;;;;;;;;
synonymo;;;;;;;;
castorama;;;;;;;;
zanox;;;;;;;;
conforama;;;;;;;;
goyavelab;;;;;;;;
dowed;;;;;;;;
exashare;2009-03-11T12:03:53Z;2017-03-11T13:03:53Z;easyDNS Technologies, Inc.;MyPrivacy.net Ltd.;Toronto;ON;CA;
purevid;;;;;;;;
teramixer;;;;;;;;
dpstream;;;;;;;;
hqq;;;;;;;;
streamseriez;2014-07-06T00:51:11.0Z;2016-07-06T00:51:11.0Z;DYNADOT LLC;;San Mateo;CA;US;
plarium;;;;;;;;
pubdirecte;;;;;;;;
exity;;;;;;;;
methodcasino2015;;;;;;;;
sporary;;;;;;;;
pureadexchange;;;;;;;;
neigh;;;;;;;;
thand;;;;;;;;
youwatch;;;;;;;;
fonts101;29/06/2004;29/06/2016;NameSilo, LLC;See PrivacyGuardian.org;Phoenix;AZ;US;
superlinear;;;;;;;;
phototrend;;;;;;;;
minutebuzz;2010-01-18T20:17:26.0Z;2018-01-18T20:17:26.0Z;OVH, SAS;MinuteBuzz;Paris;;;
firerank;2014-10-13T18:05:54.0Z;2015-10-13T18:05:54.0Z;OVH, SAS;Dixia;Clermont-Ferrand;;;
mycdn;;;;;;;;
ok;;;;;;;;
seriezone;2011-08-06T18:31:17.0Z;2016-08-06T18:31:17.0Z;DYNADOT LLC;;San Mateo;CA;US;
canadiangoldenrodpaultillich;;;;;;;;
secretmedia;2005-08-17T19:10:45-0700;2018-01-15T20:59:59-0800;MarkMonitor, Inc.;Amazon.com, Inc.;Seattle;WA;US;
ndsstatic;2011-01-12T09:52:14Z;2015-01-12T09:52:14Z;GANDI SAS;AMATECH SC;TOURCOING;;FR;
ohmymag;2013-07-16T15:19:09Z;2023-07-16T15:19:09Z;GANDI SAS;AMATECH SC;TOURCOING;;FR;
fbsbx;2010-06-07T17:22:06-0700;2016-06-07T17:22:06-0700;MarkMonitor, Inc.;Facebook, Inc.;Menlo Park;CA;US;
embedly;;;;;;;;
vg247;;;;;;;;
mcetv;;;;;;;;
1fichier;2009-12-07T12:09:10.0Z;2016-12-07T12:09:10.0Z;ONLINE SAS;;PARIS;;FR;
multiup;;;;;;;;
vforum;;;;;;;;
mega-planete;2013-01-24T21:31:03Z;2016-01-24T21:31:03Z;PDR Ltd. d/b/a PublicDomainRegistry.com;Privacy Protection Service INC d/b/a PrivacyProtect.org;Nobby Beach;Queensland;AU;
egyhq;2011-05-16T09:50:07Z;2014-05-16T09:50:07Z;FastDomain Inc.;;BURLINGTON;MASSACHUSETTS;UNITED STATES;
imagilive;2006-06-12T10:01:59.0Z;2016-06-12T10:01:59.0Z;OVH, SAS;zone38;Bordeaux;;;
team-zion;;;;;;;;
wordperfect;1996-03-17T00:00:00-0800;2016-03-17T00:00:00-0700;MarkMonitor, Inc.;Corel Corporation;Ottawa;Ontario;CA;
ftp-developpez;;;;;;;;
skynet;;;;;;;;
corel;1995-08-10T00:00:00-0700;2016-08-08T21:00:00-0700;MarkMonitor, Inc.;Corel Corporation;Ottawa;Ontario;CA;
zupimages;2009-03-28T13:29:30.0Z;2016-03-28T12:29:30.0Z;OVH, SAS;;59053;;;
connectingup;;;;;;;;
nemo-crack;;;;;;;;
heberger-image;;;;;;;;
servimg;;;;;;;;
libellules;;;;;;;;
frenchtorrentdb;;;;;;;;
ashampoo;1999-07-28T09:22:19Z;2016-07-28T09:22:16Z;Vautron Rechenzentrum AG;"Ashampoo GmbH &amp; Co. KG";Oldenburg;;DE;
imageshack;;;;;;;;
mpug;;;;;;;;
tsawry;;;;;;;;
msecnd;2008-09-29T23:13:18Z;2016-09-29T23:13:17Z;CSC CORPORATE DOMAINS, INC.;Microsoft Corporation;Redmond;WA;US;
fun-buzz;;;;;;;;
01net;1999-02-27T05:00:00Z;2016-02-27T05:00:00Z;Mailclub SAS;NextInteractiveMedia;PARIS;;FR;
oooforum;;;;;;;;
openoffice;;;;;;;;
php-astux;;;;;;;;
autoitscript;;;;;;;;
ad6media;;;;;;;;
stackexchange;2009-06-12T13:55:30-06:00Z;2016-06-12T13:55:30-06:00Z;Name.com, Inc. ;Stack Exchange, Inc. ;New York ;NY ;US ;
ikoula;;;;;;;;
mypagerank;;;;;;;;
spywords;;;;;;;;
blogblog;2000-09-14T22:16:48-0700;2016-09-14T22:16:48-0700;MarkMonitor, Inc.;Google Inc.;Mountain View;CA;US;
bp;2000-07-31T00:00:00-0700;2016-07-31T00:00:00-0700;MarkMonitor, Inc.;Google Inc.;Mountain View;CA;US;
tynt;2004-09-13T21:05:10Z;2016-09-13T21:05:10Z;TUCOWS, INC.;Contact Privacy Inc. Customer 0118059420;Toronto;ON;CA;
eloqua;2000-01-10T17:40:18Z;2022-01-10T17:40:17Z;TUCOWS, INC.;Oracle Corporation;Redwood Shores;CA;US;
en25;2002-02-07T22:54:24Z;2022-02-07T22:54:24Z;TUCOWS, INC.;Oracle Corporation;Redwood Shores;CA;US;
truste;1997-06-13T04:00:00Z;2020-06-12T04:00:00Z;NETWORK SOLUTIONS, LLC.;True Ultimate Standards Everywhere, Inc.;San Francisco;CA;US;
oracleimg;2001-09-28T17:56:01Z;2016-09-28T17:56:01Z;TUCOWS, INC.;Oracle Corporation;Redwood Shores;CA;US;
adzerk;;;;;;;;
avatars1;2014-02-06T13:17:00-0800;2016-02-06T13:17:00-0800;MarkMonitor, Inc.;GitHub, Inc.;San Francisco;CA;US;
githubapp;2011-08-11T16:30:52-0700;2017-08-11T16:30:52-0700;MarkMonitor, Inc.;GitHub, Inc.;San Francisco;CA;US;
avatars3;2014-02-06T13:17:00-0800;2016-02-06T13:17:00-0800;MarkMonitor, Inc.;GitHub, Inc.;San Francisco;CA;US;
sitemeter;;;;;;;;
oreillynet;;;;;;;;
oreilly;;;;;;;;
atomz;1999-05-21T04:42:09Z;2016-05-21T04:42:43Z;CSC CORPORATE DOMAINS, INC.;Adobe Systems Incorporated;San Jose;CA;US;
oreillystatic;;;;;;;;
mybuys;;;;;;;;
sndcdn;2010-07-20T15:10:47Z;2016-07-20T15:10:47Z;GANDI SAS;SoundCloud Ltd.;Berlin;;DE;
parsely;2004-05-19T02:16:37Z;2016-05-19T02:16:37Z;TUCOWS, INC.;Contact Privacy Inc. Customer 0130462515;Toronto;ON;CA;
fontdeck;;;;;;;;
intercomcdn;;;;;;;;
iad53;2008-04-25T11:25:49-0700;2017-04-25T11:25:49-0700;MarkMonitor, Inc.;Amazon.com, Inc.;Seattle;WA;US;
lymantriacypresdoctrine;;;;;;;;
eu-west-1;2005-08-17T19:10:45-0700;2018-01-15T20:59:59-0800;MarkMonitor, Inc.;Amazon.com, Inc.;Seattle;WA;US;
jax1;2008-04-25T11:25:49-0700;2017-04-25T11:25:49-0700;MarkMonitor, Inc.;Amazon.com, Inc.;Seattle;WA;US;
rfihub;;;;;;;;
toptenreviews;2003-06-17T12:24:26Z;2016-06-17T12:24:26Z;TUCOWS, INC.;TopTenREVIEW Inc;Ogden;UT;US;
twenga;;;;;;;;
bestofmicro;1999-07-21T13:28:35Z;2017-07-21T13:28:35Z;GANDI SAS;Diva;Puteaux;;FR;
2-spyware;;;;;;;;
xingcloud;;;;;;;;
adpdx;;;;;;;;
adform;2002-09-23T08:55:26-05:00;2018-09-23T13:54:27-05:00;DNC Holdings, Inc.;Adform ApS;Copenhagen K;Copenhagen;DK;
searchthinks;;;;;;;;
criteo;;;;;;;;
v9;;;;;;;;
w3;;;;;;;;
programcreek;;;;;;;;
hardware;;;;;;;;
mesexemples;2011-06-30T08:45:19Z;2016-06-30T08:45:19Z;FastDomain Inc.;;FEZ;;MOROCCO;
ukonline;;;;;;;;
enst;;;;;;;;
blogger;1999-06-22T00:00:00-0700;2016-06-22T00:00:00-0700;MarkMonitor, Inc.;Google Inc.;Mountain View;CA;US;
javarevisited;;;;;;;;
oracle;1988-12-02T05:00:00Z;2016-12-01T05:00:00Z;TUCOWS, INC.;Oracle Corporation;Redwood Shores;CA;US;
sstatic;2009-06-05T10:59:28-06:00Z;2016-06-05T10:59:28-06:00Z;Name.com, Inc. ;Stack Exchange, Inc. ;New York ;NY ;US ;
stackoverflow;2003-12-26T19:18:07-07:00Z;2015-12-26T19:18:07-07:00Z;Name.com, Inc. ;Stack Exchange, Inc. ;New York ;NY ;US ;
github;2007-10-09T11:20:50-0700;2020-10-09T11:20:50-0700;MarkMonitor, Inc.;GitHub, Inc.;San Francisco;CA;US;
iandickinson;;;;;;;;
xml;1996-09-30T04:00:00-06:00Z;2018-09-29T04:00:00-06:00Z;DomainSite, Inc. ;Textuality ;Vancouver ;BC ;CA ;
franz;;;;;;;;
apache;;;;;;;;
soundcloud;2005-07-25T10:33:38Z;2017-06-08T03:59:59Z;GANDI SAS;SoundCloud Ltd.;Berlin;;DE;
jenepeuxpasvivresansmusique;2009-04-27T12:19:49Z;2016-04-27T12:19:49Z;FastDomain Inc.;PHENIX;LEVALLOIS PERRET;;FRANCE;
nofilmschool;;;;;;;;
wat;;;;;;;;
tf1;;;;;;;;
mysql;1999-02-03T05:00:00Z;2020-02-28T02:45:40Z;TUCOWS, INC.;Oracle Corporation;Redwood Shores;CA;US;
bestofmedia;2004-02-20T19:34:09Z;2018-02-20T19:34:09Z;GANDI SAS;;Puteaux;;FR;
tomsguide;;;;;;;;
lesvirus;;;;;;;;
admtpmp127;;;;;;;;
goo;;;;;;;;
mystartsearch;;;;;;;;
crazyegg;;;;;;;;
owneriq;;;;;;;;
viglink;;;;;;;;
shareaholic;;;;;;;;
heatmap;;;;;;;;
dsms0mj1bbhn4;2008-04-25T11:25:49-0700;2017-04-25T11:25:49-0700;MarkMonitor, Inc.;Amazon.com, Inc.;Seattle;WA;US;
demandbase;;;;;;;;
2o7;2000-09-29T15:08:07Z;2016-09-29T15:08:06Z;CSC CORPORATE DOMAINS, INC.;Adobe Systems Incorporated;San Jose;CA;US;
adobelogin;2010-07-26T18:40:27Z;2016-07-26T18:40:27Z;CSC CORPORATE DOMAINS, INC.;Adobe Systems Incorporated;San Jose;CA;US;
zenfs;2008-01-16T00:00:00-0800;2016-01-16T00:00:00-0800;MarkMonitor, Inc.;Yahoo! Inc.;Sunnyvale;CA;US;
lexity;2004-09-25T11:09:35-0700;2016-09-25T11:09:35-0700;MarkMonitor, Inc.;Aabaco Small Business, LLC;Beaverton;OR;US;
visualwebsiteoptimizer;2009-11-13T15:05:26Z;2022-11-13T15:05:26Z;PDR Ltd. d/b/a PublicDomainRegistry.com;NA;Rohini;Delhi;IN;
akamai;1999-03-03T05:00:00Z;2022-03-03T05:00:00Z;TUCOWS, INC.;Akamai Technologies, inc.;Cambridge;MA;US;
d24n15hnbwhuhn;2008-04-25T11:25:49-0700;2017-04-25T11:25:49-0700;MarkMonitor, Inc.;Amazon.com, Inc.;Seattle;WA;US;
tm-pilbox;2011-04-18T14:25:29-0700;2024-04-18T14:25:29-0700;MarkMonitor, Inc.;DNStination Inc;San Francisco;CA;US;
hit-parade;1997-01-25T05:00:00.0Z;2017-01-26T05:00:00.0Z;ONLINE SAS;;andernos les bains;;FR;
l-a;;;;;;;;
glamourparis;2004-03-03T05:00:00Z;2017-03-03T15:47:36Z;CSC CORPORATE DOMAINS, INC.;Les Publications Conde Nast S.A.;Paris;Paris;FR;
getclicky;;;;;;;;
sasqos;2014-09-23T10:23:05Z;2015-09-23T10:23:05Z;Mailclub SAS;auFeminin.com SA;Paris;;FR;
adlooxtracking;2011-08-18T11:58:09Z;2016-08-18T11:58:09Z;GANDI SAS;ADSAFE;Obfuscated whois Gandi-Paris;;FR;
macromedia;1993-05-13T04:00:00Z;2016-05-14T04:00:00Z;CSC CORPORATE DOMAINS, INC.;Adobe Systems Incorporated;San Jose;CA;US;
advertisation;;;;;;;;
adshost2;;;;;;;;
arn1;2008-04-25T11:25:49-0700;2017-04-25T11:25:49-0700;MarkMonitor, Inc.;Amazon.com, Inc.;Seattle;WA;US;
serving-sys;;;;;;;;
ohmyad;;;;;;;;
tradeadexchange;;;;;;;;
intercom;;;;;;;;
mixpanel;;;;;;;;
segment;;;;;;;;
d37gvrvc0wt4s1;2008-04-25T11:25:49-0700;2017-04-25T11:25:49-0700;MarkMonitor, Inc.;Amazon.com, Inc.;Seattle;WA;US;
mxpnl;;;;;;;;
d2dq2ahtl5zl1z;2008-04-25T11:25:49-0700;2017-04-25T11:25:49-0700;MarkMonitor, Inc.;Amazon.com, Inc.;Seattle;WA;US;
firebase;1997-10-01T21:00:00-0700;2024-09-30T21:00:00-0700;MarkMonitor, Inc.;Google Inc.;Mountain View;CA;US;
pulpix;;;;;;;;
uservoice;2006-01-06T00:52:32-07:00Z;2017-01-06T00:52:32-07:00Z;Name.com, Inc. ;Whois Privacy Protection Service, Inc. ;Kirkland ;WA ;US ;
runabove;;;;;;;;
asus;1995-10-25T12:00:00Z GMT+8;2021-10-24T12:00:00Z GMT+8;Net-Chinese Co., Ltd.;ASUSTeK COMPUTER INC.;Taipei;Taiwan;TW;
ledrakkarnoir;;;;;;;;
virtualupload;;;;;;;;
streetprez;;;;;;;;
cnetfrance;;;;;;;;
fastpic;;;;;;;;
prezup;;;;;;;;
hostingpics;2007-05-02T21:38:04.0Z;2016-05-02T21:38:04.0Z;OVH, SAS;HostingPics;Montauban;;;
netdna-cdn;2009-06-15T12:38:11-0700;2016-06-15T12:38:11-0700;MarkMonitor, Inc.;NetDNA, LLC.;Studio City;CA;US;
clubic;2000-03-09T21:00:51.0Z;2017-03-09T21:00:51.0Z;OVH, SAS;CYREALIS;Neuilly sur Seine Cedex;;;
postimg;;;;;;;;
online;;;;;;;;
world-lolo;;;;;;;;
runupload;2015-02-11T11:10:30.0Z;2016-02-11T11:10:30.0Z;ONLINE SAS;HelloAgency;London;;GB;
trychec;2012-07-11T15:13:02-06:00Z;2015-07-11T15:13:02-06:00Z;Name.com, Inc. ;Whois Privacy Protection Service, Inc. ;Kirkland ;WA ;US ;
w55c;;;;;;;;
simplicitywanted;;;;;;;;
behance;2005-11-06T19:45:34Z;2017-11-06T19:45:34Z;CSC CORPORATE DOMAINS, INC.;Adobe Systems Incorporated;San Jose;CA;US;
yotpo;;;;;;;;
olark;;;;;;;;
shopify;;;;;;;;
loftresumes;2011-07-19T14:50:25Z;2015-07-19T14:50:25Z;TUCOWS, INC.;Contact Privacy Inc. Customer 0128314168;Toronto;ON;CA;
sharebutton;;;;;;;;
resumeway;;;;;;;;
tm-prod;2011-04-18T14:25:29-0700;2024-04-18T14:25:29-0700;MarkMonitor, Inc.;DNStination Inc;San Francisco;CA;US;
themuse;;;;;;;;
addinto;2008-11-24T09:16:34.0Z;2016-11-24T09:16:34.0Z;OVH, SAS;;Epone;;;
lesarnaques;2001-03-22T22:25:48Z;2017-03-22T21:25:48Z;TUCOWS, INC.;Guillon Joel;Paris;Fr;FR;
mmzstatic;2013-07-26T10:07:20Z;2015-07-26T10:07:20Z;GANDI SAS;ALJ AGENCY;LILLE;;FR;
madmoizelle;2005-04-08T20:20:22Z;2018-04-08T20:20:22Z;GANDI SAS;;Lille;;FR;
audienceinsights;2013-05-07T11:45:11.0Z;2016-05-07T11:45:11.0Z;OVH, SAS;ADTHINK MEDIA;TASSIN LA DEMI LUNE Cedex;;;
ebz;;;;;;;;
exoclick;;;;;;;;
firebaseio;2012-10-15T18:46:21-06:00Z;2022-10-15T18:46:21-06:00Z;Name.com, Inc. ;Envolve ;San Francisco ;California ;US ;
codeshare;;;;;;;;
pausecafein;;;;;;;;
bit;;;;;;;;
grosdebile;2012-06-20T06:27:10.0Z;2016-06-20T06:27:10.0Z;OVH, SAS;;59053;;;
grdbl;2014-02-01T11:14:13.0Z;2016-02-01T11:14:13.0Z;OVH, SAS;;59053;;;
d1yggf0lcx0ykm;2008-04-25T11:25:49-0700;2017-04-25T11:25:49-0700;MarkMonitor, Inc.;Amazon.com, Inc.;Seattle;WA;US;
ulule;2009-11-24T11:30:24Z;2020-11-24T11:30:24Z;GANDI SAS;Boucherot Alexandre;Paris;;FR;
iwheelshare;2014-01-07T12:29:11.0Z;2016-01-07T12:29:11.0Z;OVH, SAS;;59053;;;
jobteaser;2008-04-25T11:14:42.0Z;2016-04-25T11:14:42.0Z;OVH, SAS;;59053;;;
push-it;;;;;;;;
wordpress;2000-03-03T04:13:23-0800;2020-03-03T04:13:23-0800;MarkMonitor, Inc.;Automattic, Inc.;San Francisco;CA;US;
xg4ken;;;;;;;;
opinionbar;1999-08-22T00:00:00Z;2016-08-21T00:00:00Z;Eurodns S.A.;Metrixlab;Rotterdam;;NL;
cloud-media;;;;;;;;
antvoice;;;;;;;;
coreg-feed;2008-01-11T23:47:28.0Z;2017-01-11T23:47:28.0Z;OVH, SAS;Advertise me;Mougins;;;
achetezfacile;;;;;;;;
jwpcdn;;;;;;;;
coiffuremary;;;;;;;;
citaty;;;;;;;;
brightcove;2005-02-04T13:00:29Z;2019-02-04T05:00:00Z;NETWORK SOLUTIONS, LLC.;Brightcove Inc.;Boston;MA;US;
pmdstatic;;;;;;;;
prismamediadigital;;;;;;;;
previewnetworks;;;;;;;;
programme-tv;;;;;;;;
cgi-recrute;;;;;;;;
js-project-eu;2005-08-17T19:10:45-0700;2018-01-15T20:59:59-0800;MarkMonitor, Inc.;Amazon.com, Inc.;Seattle;WA;US;
yandex;;;;;;;;
complex;;;;;;;;
complexmedianetwork;;;;;;;;
crwdcntrl;;;;;;;;
acxiom-online;2012-04-17T19:09:25Z;2016-04-17T04:00:00Z;NETWORK SOLUTIONS, LLC.;Acxiom Corporation;Little Rock;AR;US;
sixile;;;;;;;;
email-reflex;2011-01-26T10:42:31Z;2016-01-26T10:42:31Z;GANDI SAS;Rentabiliweb Europe;Levallois-Perret;Ile-de-France;FR;
sddan;2012-10-26T15:18:13.0Z;2017-10-26T15:18:13.0Z;OVH, SAS;Sirdata;Paris;;;
typekit;2010-08-02T05:22:06Z;2016-08-02T05:22:06Z;CSC CORPORATE DOMAINS, INC.;Adobe Systems Incorporated;San Jose;CA;US;
google-maps-utility-library-v3;2005-03-08T20:17:29-0800;2016-03-08T00:00:00-0800;MarkMonitor, Inc.;Google Inc.;Mountain View;CA;US;
metoceanview;;;;;;;;
wxtiles;;;;;;;;
highcharts;;;;;;;;
admark;;;;;;;;
imrworldwide;1998-04-01T21:00:00-0800;2016-03-31T00:00:00-0700;MarkMonitor, Inc.;The Nielsen Company;Schaumburg;Illinois;US;
civicscience-widgets;2005-08-17T19:10:45-0700;2018-01-15T20:59:59-0800;MarkMonitor, Inc.;Amazon.com, Inc.;Seattle;WA;US;
civicscience;2007-07-02T20:58:53Z;2015-07-02T20:58:53Z;TUCOWS, INC.;CivicScience, Inc.;Pittsburgh;PA;US;
d3701cc9l7v9a6;2008-04-25T11:25:49-0700;2017-04-25T11:25:49-0700;MarkMonitor, Inc.;Amazon.com, Inc.;Seattle;WA;US;
webengage;;;;;;;;
mathjax;;;;;;;;
insnw;;;;;;;;
imasdk;2005-01-25T00:00:00-0800;2016-01-25T00:00:00-0800;MarkMonitor, Inc.;Google Inc.;Mountain View;CA;US;
pinimg;2010-05-28T19:03:48-0700;2017-05-28T19:03:48-0700;MarkMonitor, Inc.;DNStination Inc.;San Francisco;CA;US;
2mdn;2005-05-02T11:46:31-0700;2016-05-02T00:00:00-0700;MarkMonitor, Inc.;Google Inc.;Mountain View;CA;US;
tru;;;;;;;;
visualrevenue;2013-09-11T21:12:45Z;2016-11-30T05:00:00Z;NETWORK SOLUTIONS, LLC.;Outbrain;New York;NY;US;
mediabong;;;;;;;;
kameleoon;2008-10-30T14:11:20.0Z;2015-10-30T14:11:20.0Z;OVH, SAS;Kameleoon;Paris;;;
bounceexchange;;;;;;;;
tagsrvcs;;;;;;;;
tiqcdn;;;;;;;;
d1447tq2m68ekg;2008-04-25T11:25:49-0700;2017-04-25T11:25:49-0700;MarkMonitor, Inc.;Amazon.com, Inc.;Seattle;WA;US;
storage;2005-01-25T00:00:00-0800;2016-01-25T00:00:00-0800;MarkMonitor, Inc.;Google Inc.;Mountain View;CA;US;
virtualearth;2001-07-01T04:00:00Z;2016-07-01T10:59:10Z;CSC CORPORATE DOMAINS, INC.;Microsoft Corporation;Redmond;WA;US;
ttlbd;2014-04-30T09:03:09Z;2016-04-30T09:03:09Z;GANDI SAS;MEDIAPOST SA;PARIS;Ile-de-France;FR;
orange;;;;;;;;
ccm2;;;;;;;;
affilizr;2013-04-17T13:48:12.0Z;2016-04-17T13:48:12.0Z;OVH, SAS;;59053;;;
commentcamarche;;;;;;;;
cedexis;;;;;;;;
wawa-mania;;;;;;;;
miguelgrinberg;;;;;;;;
sushishop;;;;;;;;
ustatik;;;;;;;;
ultimate-guitar;1999-10-13T04:00:00Z;2018-10-13T04:00:00Z;NETWORK SOLUTIONS, LLC.;;Jacksonville;FL;US;
ecosante;;;;;;;;
awwapp;;;;;;;;
manualslib;;;;;;;;
roland;;;;;;;;
audiofanzine;2000-01-12T02:34:03Z;2020-01-12T07:34:02Z;GANDI SAS;P. Bordas SARL;Neuily-sur-Seine;;FR;
rolandus;;;;;;;;
merteo;;;;;;;;
horaire-maree;;;;;;;;
9cache;2014-08-05T04:13:10-06:00Z;2016-08-05T04:13:10-06:00Z;Name.com, Inc. ;9GAG, Inc ;Hong Kong ;Hong Kong ;HK ;
9gag;2008-04-12T06:20:03-06:00Z;2023-04-12T06:20:03-06:00Z;Name.com, Inc. ;Whois Privacy Protection Service, Inc. ;Kirkland ;WA ;US ;
kym-cdn;;;;;;;;
knowyourmeme;;;;;;;;
addnow;;;;;;;;
missmalini;;;;;;;;
quoracdn;2013-08-18T05:17:11Z;2016-12-22T05:00:00Z;NETWORK SOLUTIONS, LLC.;Quora Inc;Mountain View;CA;US;
quora;2000-03-29T11:18:49-0800;2023-03-29T11:18:49-0700;MarkMonitor, Inc.;Quora, Inc.;Mountain View;CA;US;
memecdn;;;;;;;;
memecenter;;;;;;;;
stumble-upon;2009-05-21T09:10:19-0700;2015-11-05T20:47:44-0800;MarkMonitor, Inc.;Stumbleupon Inc.;San Francisco;CA;US;
stumbleupon;2001-11-05T20:47:44-0800;2019-11-05T00:00:00-0800;MarkMonitor, Inc.;Stumbleupon Inc.;San Francisco;CA;US;
springboardplatform;;;;;;;;
worldwideinterweb;;;;;;;;
leguide;1996-07-23T02:00:00.0Z;2018-07-22T02:00:00.0Z;OVH, SAS;S.A. LeGuide.com;Paris;;;
20mn;;;;;;;;
20minutes;;;;;;;;
content;2005-01-25T00:00:00-0800;2016-01-25T00:00:00-0800;MarkMonitor, Inc.;Google Inc.;Mountain View;CA;US;
cxense;2010-02-08T18:56:42Z;2016-02-08T18:56:42Z;PDR Ltd. d/b/a PublicDomainRegistry.com;Cxense ASA;Oslo;Oslo;NO;
gannett-cdn;2012-08-07T05:26:43-0700;2016-08-07T00:00:00-0700;MarkMonitor, Inc.;Gannett Satellite Information Network, Inc.;McLean;va;US;
usatoday;1994-04-29T00:00:00-0700;2023-04-29T21:00:00-0700;MarkMonitor, Inc.;Gannett Satellite Information Network, Inc.;McLean;va;US;
geneacdn;2015-01-16T14:20:22Z;2016-01-16T14:20:22Z;GANDI SAS;GeneaNet SA;Paris;;FR;
geneanet;;;;;;;;
francy-annu;;;;;;;;
localmedia;;;;;;;;
zendesk;2005-05-16T14:05:12Z;2023-05-16T10:05:12Z;TIERRANET INC. DBA DOMAINDISCOVER;Zendesk;San Francisco;CA;US;
118712;;;;;;;;
ccmbg;;;;;;;;
linternaute;;;;;;;;
118000;;;;;;;;
licdn;2011-02-24T14:36:58-0800;2020-02-24T14:36:58-0800;MarkMonitor, Inc.;LinkedIn Corporation;Mountain View;CA;US;
tpe50;2008-04-25T11:25:49-0700;2017-04-25T11:25:49-0700;MarkMonitor, Inc.;Amazon.com, Inc.;Seattle;WA;US;
d31qbv1cthcecs;2008-04-25T11:25:49-0700;2017-04-25T11:25:49-0700;MarkMonitor, Inc.;Amazon.com, Inc.;Seattle;WA;US;
inspectlet;2011-03-11T11:25:49-0700;2017-03-11T11:25:49-0700;ENOM, INC.;Amazon.com, Inc.;Cupertino;California;US;Website visitor Analytic Mouse tracker
ionicframework;2013-09-02T11:25:49-0700;2016-09-02T11:25:49-0700;ENOM, INC.;CloudFlare Inc.;Shorewood;WI;US;Website visitor Analytic for sales (Hided organisation)
tl813;2014-11-14T02:06:03Z;2024-11-13T05:00:00Z;NETWORK SOLUTIONS, LLC.;;Jacksonville;FL;US;Website visitor Analytic for sales (Hided organisation)
sf14g;2015-03-31T11:25:49-0700;2020-03-31T11:25:49-0700;NETWORK SOLUTIONS, LLC.;;Jacksonville;FL;US;
formisimo;2011-07-14T15:21:16Z;2016-07-14T15:21:16Z;TUCOWS, INC.;Formisimo Ltd;Manchester;Greater Manchester;GB;
dnn506yrbagrg;2008-04-25T11:25:49-0700;2017-04-25T11:25:49-0700;MarkMonitor, Inc.;Amazon.com, Inc.;Seattle;WA;US;Website visitor Analytic Hotpoint system
reactful;2013-03-07T13:32:15.0Z;2018-03-07T13:32:15.0Z;Google Inc.;Google Inc.;Auckland;;NZ;Website visitor Analytic Mouse tracker
addthiscdn;2008-04-25T11:25:49-0700;2017-04-25T11:25:49-0700;GODADDY.COM, LLC;AddThis, Inc.;Los Angeles;CA;US;Tools to connext website with social networks (collect data to know better the audiance
mathtag;2007-12-13T20:23:30Z;2016-12-13T20:23:30Z;TUCOWS, INC.;Contact Privacy Inc. Customer 0140394076;Toronto;ON;CA;
linkedin;2002-11-02T07:38:11-0800;2020-11-02T07:38:11-0800;MarkMonitor, Inc.;LinkedIn Corporation;Mountain View;CA;US;
paypalobjects;2005-05-12T10:11:21-0700;2016-05-12T00:00:00-0700;MarkMonitor, Inc.;PayPal Inc.;San Jose;CA;US;
iubenda;2010-07-06T16:41:51Z;2016-07-06T16:41:51Z;Internet.bs Corp.;;Bologna;;IT;privacy policy generator
familia-sanchez;;;;;;;;
mktoresp;2008-10-31T00:06:31Z;2020-10-30T04:00:00Z;NETWORK SOLUTIONS, LLC.;Marketo, Inc;San Mateo;CA;US;
marketo;2007-01-22T21:45:26Z;2017-01-22T05:00:00Z;NETWORK SOLUTIONS, LLC.;Marketo, Inc;San Mateo;CA;US;
pages05;2007-11-06T00:00:00-0800;2015-11-06T00:00:00-0800;MarkMonitor, Inc.;Silverpop Systems;Atlanta;GA;US;
yousendit;;;YouSendIt Operations;YouSendIt, Inc.;Campbell;CA;US;
dropboxusercontent;2012-01-13T15:35:09-0800;2016-01-13T15:35:09-0800;MarkMonitor, Inc.;Dropbox, Inc.;San Francisco;CA;US;
dropbox;1995-06-27T21:00:00-0700;2017-06-26T21:00:00-0700;MarkMonitor, Inc.;Dropbox, Inc.;San Francisco;CA;US;
photobucket;;;;;;;;
hb-assets;2005-08-17T19:10:45-0700;2018-01-15T20:59:59-0800;MarkMonitor, Inc.;Amazon.com, Inc.;Seattle;WA;US;
rlcdn;;;;;;;;
hittail;;;;;;;;
hellobar;;;;;;;;
translate;2005-01-25T00:00:00-0800;2016-01-25T00:00:00-0800;MarkMonitor, Inc.;Google Inc.;Mountain View;CA;US;
fspilotshop;;;;;;;;
tinypic;;;;;;;;
imgur;;;;;;;;
paypal;1999-07-14T22:32:11-0700;2019-07-14T22:32:11-0700;MarkMonitor, Inc.;PayPal Inc.;San Jose;CA;US;
opencyclemap;;;;;;;;
staticflickr;2006-02-04T00:00:00-0800;2016-02-04T00:00:00-0800;MarkMonitor, Inc.;Yahoo! Inc.;Sunnyvale;CA;US;
wp;1997-03-27T21:00:00-0800;2021-03-28T21:00:00-0700;MarkMonitor, Inc.;Automattic, Inc.;San Francisco;CA;US;
magento;2010-02-08T11:47:21-0800;2016-02-08T00:00:00-0800;MarkMonitor, Inc.;X.commerce, Inc.;Culver City;CA;US;
constantcontact;1998-09-29T21:00:00-0700;2016-09-28T21:00:00-0700;MarkMonitor, Inc.;Constant Contact, Inc.;Waltham;MA;US;
prostores;2001-10-25T11:07:02-0700;2015-10-25T11:07:02-0700;MarkMonitor, Inc.;eBay Inc.;San Jose;CA;US;
hl-users;2014-08-12T00:00:00Z;2015-08-16T00:00:00Z;HTTP.NET INTERNET GMBH;Hostloco UG haftungsbeschraenkt;Varel;;DE;
wbdds;2013-12-19T20:54:11.0Z;2015-12-19T20:54:11.0Z;OVH, SAS;Webedia SAS;Paris;;;
accusto;;;;;;;;
googlevideo;2003-05-25T00:00:00-0700;2016-05-25T00:00:00-0700;MarkMonitor, Inc.;Google Inc.;Mountain View;CA;US;
chartbeat;2008-12-01T18:44:37Z;2016-08-02T04:00:00Z;NETWORK SOLUTIONS, LLC.;Chartbeat;New York;NY;US;
basilic;;;;;;;;
emailretargeting;2010-04-09T08:23:30Z;2016-04-09T08:23:30Z;GANDI SAS;Criteo SA;Paris;;FR;
doug1izaerwt3;2008-04-25T11:25:49-0700;2017-04-25T11:25:49-0700;MarkMonitor, Inc.;Amazon.com, Inc.;Seattle;WA;US;
quantserve;2005-06-19T17:48:21-0700;2016-06-19T17:48:21-0700;MarkMonitor, Inc.;Quantcast;San Francisco;CA;US;
y-track;;;;;;;;
po;13/04/2000;;ST Registry;;;;;
adways;2001-11-09T08:36:33.0Z;2016-11-09T08:36:33.0Z;OVH, SAS;Business Option;Boulogne Billancourt;;;
aspnetcdn;2010-10-12T10:12:42-0700;2016-10-12T00:00:00-0700;MarkMonitor, Inc.;Microsoft Corporation;Redmond;WA;US;
avg;1994-11-01T21:00:00-0800;2022-10-31T21:00:00-0700;MarkMonitor, Inc.;AVG Netherlands B.V.;Amsterdam;;NL;
omtrdc;2008-07-23T17:14:42Z;2016-07-22T17:14:42Z;CSC CORPORATE DOMAINS, INC.;Adobe Systems Incorporated;San Jose;CA;US;
cloudflare;2009-02-17T22:07:54Z;2024-02-17T22:07:54Z;CloudFlare, Inc.;CloudFlare, Inc.;San Francisco;CA;US;
adobedtm;2013-11-22T23:15:17Z;2015-11-22T23:15:17Z;CSC CORPORATE DOMAINS, INC.;Adobe Systems Incorporated;San Jose;CA;US;
histats;;;;;;;;
compete;;;;;;;;
alexa;1996-07-16T21:00:00-0700;2018-07-15T21:00:00-0700;MarkMonitor, Inc.;Alexa Internet;San Francisco;CA;US;
adobe;1986-11-17T05:00:00Z;2016-05-17T01:48:14Z;CSC CORPORATE DOMAINS, INC.;Adobe Systems Incorporated;San Jose;CA;US;
vimeocdn;2010-04-21T13:27:15-0700;2016-04-21T00:00:00-0700;MarkMonitor, Inc.;Vimeo, LLC;New York;NY;US;
wgs-dev;2005-08-17T19:10:45-0700;2018-01-15T20:59:59-0800;MarkMonitor, Inc.;Amazon.com, Inc.;Seattle;WA;US;
mts0;2005-01-25T00:00:00-0800;2016-01-25T00:00:00-0800;MarkMonitor, Inc.;Google Inc.;Mountain View;CA;US;
mt1;2005-01-25T00:00:00-0800;2016-01-25T00:00:00-0800;MarkMonitor, Inc.;Google Inc.;Mountain View;CA;US;
mts1;2005-01-25T00:00:00-0800;2016-01-25T00:00:00-0800;MarkMonitor, Inc.;Google Inc.;Mountain View;CA;US;
mt0;2005-01-25T00:00:00-0800;2016-01-25T00:00:00-0800;MarkMonitor, Inc.;Google Inc.;Mountain View;CA;US;
cdninstagram;2014-04-30T17:01:44-0700;2016-04-30T17:01:44-0700;MarkMonitor, Inc.;Instagram LLC.;Menlo Park;CA;US;
dmy0o4ysenifk;2008-04-25T11:25:49-0700;2017-04-25T11:25:49-0700;MarkMonitor, Inc.;Amazon.com, Inc.;Seattle;WA;US;
onlinehome;;;;;;;;
apophin;;;;;;;;
jfk1;2008-04-25T11:25:49-0700;2017-04-25T11:25:49-0700;MarkMonitor, Inc.;Amazon.com, Inc.;Seattle;WA;US;
jquery;;;;;;;;
gravatar;2004-07-15T13:57:48-0700;2019-07-15T13:57:48-0700;MarkMonitor, Inc.;Automattic, Inc.;San Francisco;CA;US;
noelshack;2008-03-04T15:02:38Z;2016-03-04T15:02:38Z;GANDI SAS;L ODYSSEE INTERACTIVE JEUX VIDEOCOM;Aurillac;;FR;
bootstrapcdn;2012-05-25T15:21:19-0700;2016-05-25T15:21:19-0700;MarkMonitor, Inc.;DNStination Inc.;San Francisco;CA;US;
talend;;;;;;;;
lesoeufsgeslin;;;;;;;;
reddit;2005-04-29T17:59:19Z;2017-04-29T17:59:19Z;GANDI SAS;Reddit Inc;San Francisco;California;US;
liftndrag;;;;;;;;
youtube-nocookie;2009-01-23T12:25:05-0800;2016-01-23T00:00:00-0800;MarkMonitor, Inc.;Google Inc.;Mountain View;CA;US;
simcoders;;;;;;;;
steamcommunity;2007-02-23T05:41:58Z;2016-05-27T04:00:00Z;NETWORK SOLUTIONS, LLC.;;Jacksonville;FL;US;
hightailcdn;;;;;;;;
hightail;2003-07-18T18:04:50Z;2017-07-18T18:04:50Z;CSC CORPORATE DOMAINS, INC.;CSC Corporate Domains, Inc.;Wilmington;DE;US;
livechatinc;;;;;;;;
sharethis;;;;;;;;
x-aviation;;;;;;;;
aerosoft;;;;;;;;
flightsim;1996-02-22T05:00:00Z;2016-02-23T05:00:00Z;NETWORK SOLUTIONS, LLC.;;Jacksonville;FL;US;
xpfr;;;;;;;;
alpilotx;;;FastDomain Inc.;;;;;
avsim;1997-03-24T05:00:00Z;2017-03-25T04:00:00Z;NETWORK SOLUTIONS, LLC.;;Jacksonville;FL;US;
simheaven;;;;;;;;
zopim;;;;;;;;
x-plane;;;;;;;;
weborama;;;;;;;;
lexpress;;;;;;;;
francetvinfo;;;;;;;;
toutelaculture;2010-09-26T19:27:09.0Z;2015-09-26T19:27:09.0Z;OVH, SAS;En 3 Mots;Paris;;;
dit48ig6irokk;2008-04-25T11:25:49-0700;2017-04-25T11:25:49-0700;MarkMonitor, Inc.;Amazon.com, Inc.;Seattle;WA;US;
urlvoid;2009-05-16T17:09:49-06:00Z;2016-05-16T17:09:49-06:00Z;Name.com, Inc. ;Whois Privacy Protection Service, Inc. ;Kirkland ;WA ;US ;
avgthreatlabs;2010-06-17T00:12:26-0700;2017-06-17T00:12:26-0700;MarkMonitor, Inc.;AVG Netherlands B.V.;Amsterdam;;NL;
w3snoop;;;;;;;;
eff;;;;;;;;
jwpltx;;;;;;;;
who;;;;;;;;
ted;1994-11-08T05:00:00-07:00Z;2015-11-07T05:00:00-07:00Z;Name.com, Inc. ;TED Conferences ;New York ;NY ;US ;
convertcsv;2013-01-22T03:00:49Z;2017-01-22T03:00:49Z;TUCOWS, INC.;Contact Privacy Inc. Customer 0133248295;Toronto;ON;CA;
json;;;;;;;;
vimeo;2004-12-15T00:38:55-0800;2015-12-15T00:00:00-0800;MarkMonitor, Inc.;Vimeo, LLC;New York;NY;US;
ecuad;;;;;;;;
woosmap;;;;;;;;
ladenicheuse;;;;;;;;
notepad-plus-plus;;;;;;;;
sublimetext;;;;;;;;
krxd;2010-05-18T21:18:34Z;2016-05-18T04:00:00Z;NETWORK SOLUTIONS, LLC.;;Jacksonville;FL;US;
buzzfil;2015-02-09T17:46:12.0Z;2016-02-09T17:46:12.0Z;OVH, SAS;;59053;;;
l2bz;;;;;;;;
legorafi;;;;;;;;
newrelic;;;;;;;;
ytimg;2007-12-11T00:00:00-0800;2015-12-11T00:00:00-0800;MarkMonitor, Inc.;Google Inc.;Mountain View;CA;US;
xiti;;;;;;;;
maps;2005-01-25T00:00:00-0800;2016-01-25T00:00:00-0800;MarkMonitor, Inc.;Google Inc.;Mountain View;CA;US;
optimizely;;;;;;;;
googleadservices;2003-06-19T00:00:00-0700;2016-06-19T00:00:00-0700;MarkMonitor, Inc.;Google Inc.;Mountain View;CA;US;
cpx;;;;;;;;
load;2005-08-17T19:10:45-0700;2018-01-15T20:59:59-0800;MarkMonitor, Inc.;Amazon.com, Inc.;Seattle;WA;US;
ezakus;2012-01-24T09:47:41Z;2017-01-24T09:47:41Z;GANDI SAS;EZAKUS SA;BRUGES;;FR;
exelator;;;;;;;;
mediapostcommunication;2013-07-11T07:49:02Z;2014-07-11T07:49:02Z;GANDI SAS;MEDIAPOST SA;PARIS;Ile-de-France;FR;
bkrtx;2008-03-04T06:01:22Z;2016-03-04T06:01:22Z;TUCOWS, INC.;Oracle Corporation;Redwood Shores;CA;US;
wikimedia;;;;;;;;
sumome;;;;;;;;
pinterest;2009-11-26T11:21:23-0800;2020-11-26T11:21:23-0800;MarkMonitor, Inc.;DNStination Inc.;San Francisco;CA;US;
nr-data;;;;;;;;
msn;1994-11-09T21:00:00-0800;2022-06-04T09:44:29-0700;MarkMonitor, Inc.;Microsoft Corporation;Redmond;WA;US;
skypeassets;2010-08-17T17:42:30-0700;2016-08-17T00:00:00-0700;MarkMonitor, Inc.;Skype;Dublin;;IE;
demdex;2008-08-12T01:04:44Z;2016-08-12T01:04:44Z;CSC CORPORATE DOMAINS, INC.;Adobe Systems Incorporated;San Jose;CA;US;
bing;1996-01-28T21:00:00-0800;2019-01-29T21:00:00-0800;MarkMonitor, Inc.;Microsoft Corporation;Redmond;WA;US;
msads;2001-04-10T09:54:06-0700;2016-04-10T00:00:00-0700;MarkMonitor, Inc.;Microsoft Corporation;Redmond;WA;US;
ebaydesc;2004-05-25T09:20:32-0700;2016-05-25T00:00:00-0700;MarkMonitor, Inc.;eBay Inc.;San Jose;CA;US;
go-mpulse;2012-12-02T19:27:30Z;2015-12-02T19:27:30Z;DYNAMIC NETWORK SERVICES, INC;Dyn Inc;Manchester;NH;US;
online-metrix;;;;;;;;
ebayrtm;2004-11-05T09:13:33-0800;2016-11-05T00:00:00-0700;MarkMonitor, Inc.;eBay Inc.;San Jose;CA;US;
bluekai;2007-07-06T06:09:58Z;2020-07-06T06:09:58Z;TUCOWS, INC.;Oracle Corporation;Redwood Shores;CA;US;
ebaystratus;2011-12-05T14:17:38-0800;2015-12-05T00:00:00-0800;MarkMonitor, Inc.;eBay Inc.;San Jose;CA;US;
ebayimg;2003-05-23T10:57:20-0700;2016-05-23T00:00:00-0700;MarkMonitor, Inc.;eBay Inc.;San Jose;CA;US;
googleusercontent;2008-11-17T07:58:29-0800;2016-11-17T00:00:00-0800;MarkMonitor, Inc.;Google Inc.;Mountain View;CA;US;
fbcdn;2007-05-03T11:49:03-0700;2018-05-03T11:49:03-0700;MarkMonitor, Inc.;Facebook, Inc.;Menlo Park;CA;US;
omnitagsb;2014-02-17T15:40:30Z;2015-02-17T15:40:30Z;GANDI SAS;Omnitag JS;Neuilly sur seine;Ile-de-France;FR;
colline;;;;;;;;
d5nxst8fruw4z;2008-04-25T11:25:49-0700;2017-04-25T11:25:49-0700;MarkMonitor, Inc.;Amazon.com, Inc.;Seattle;WA;US;
bitpay;;;;;;;;
fra6;2008-04-25T11:25:49-0700;2017-04-25T11:25:49-0700;MarkMonitor, Inc.;Amazon.com, Inc.;Seattle;WA;US;
pagefair;2013-06-11T15:47:17Z;2016-06-11T15:47:17Z;GANDI SAS;PageFair Limited;Dublin;;IE;
googlesyndication;2003-01-21T00:00:00-0800;2016-01-20T00:00:00-0800;MarkMonitor, Inc.;Google Inc.;Mountain View;CA;US;
amazonaws;2005-08-17T19:10:45-0700;2018-01-15T20:59:59-0800;MarkMonitor, Inc.;Amazon.com, Inc.;Seattle;WA;US;
oopt;;;;;;;;
disquscdn;;;;;;;;
theadex;;;;;;;;
skimresources;;;;;;;;
blueste;;;;;;;;
nuggad;2006-02-05T21:37:46Z;2016-02-05T20:37:46Z;"InterNetworX Ltd. &amp; Co. KG";nugg.ad AG predictive behavioral targeting;Berlin;;DE;
tradelab;;;;;;;;
stkr;;;;;;;;
abtasty;2011-08-09T09:30:16Z;2020-08-09T09:30:16Z;GANDI SAS;Liwio;Obfuscated whois Gandi-Paris;;FR;
liverail;2004-07-24T06:10:19-0700;2020-07-24T06:10:19-0700;MarkMonitor, Inc.;Liverail;Menlo Park;CA;US;
digidip;2012-08-22T20:07:10Z;2016-08-22T16:07:10Z;Hetzner Online AG;;Berlin;;DE;
googletagservices;2008-12-17T08:23:09-0800;2015-12-17T00:00:00-0800;MarkMonitor, Inc.;Google Inc.;Mountain View;CA;US;
estat;1997-01-15T00:00:00Z;2020-01-14T05:00:00Z;GANDI SAS;Médiamétrie;Levallois Perret;Ile-de-France;FR;
doubleclick;1996-01-15T21:00:00-0800;2018-01-16T21:00:00-0800;MarkMonitor, Inc.;Google Inc.;Mountain View;CA;US;
google-analytics;2005-07-18T00:00:00-0700;2016-07-18T00:00:00-0700;MarkMonitor, Inc.;Google Inc.;Mountain View;CA;US;
scorecardresearch;2007-11-01T11:07:51-0700;2016-11-01T00:00:00-0700;MarkMonitor, Inc.;TMRG, Inc;Reston;VA;US;
googletagmanager;2011-11-11T15:39:05-0800;2015-11-11T00:00:00-0800;MarkMonitor, Inc.;Google Inc.;Mountain View;CA;US;
taboola;2007-02-23T22:21:41+0000Z;2020-02-23T22:21:41+0000Z;pairNIC INC;Taboola.com LTD;Tel Aviv;n/a;IL;
feedly;2008-05-25T10:15:38Z;2019-05-25T10:15:38Z;GANDI SAS;DevHD Inc.;Atherthon;;US;
fnac-static;;;;;;;;
ajax;2005-01-25T00:00:00-0800;2016-01-25T00:00:00-0800;MarkMonitor, Inc.;Google Inc.;Mountain View;CA;US;
ggpht;2008-01-16T00:00:00-0800;2016-01-16T00:00:00-0800;MarkMonitor, Inc.;Google Inc.;Mountain View;CA;US;
youtube;2005-02-14T21:13:12-0800;2016-02-14T00:00:00-0800;MarkMonitor, Inc.;Google Inc.;Mountain View;CA;US;
outbrain;2005-12-27T07:04:19Z;2018-08-09T04:00:00Z;NETWORK SOLUTIONS, LLC.;Outbrain;New York;NY;US;
ouest-france;;;;;;;;
fonts;2005-01-25T00:00:00-0800;2016-01-25T00:00:00-0800;MarkMonitor, Inc.;Google Inc.;Mountain View;CA;US;
regionsjob;2000-07-03T22:14:00Z;2021-07-03T22:14:00Z;GANDI SAS;Region Job;Rennes;;FR;
estjob;2000-04-07T17:34:06Z;2023-04-07T17:34:06Z;GANDI SAS;RegionsJob;RENNES;;FR;
viva-images;;;;;;;;
vivastreet;;;;;;;;
indeed;;;;;;;;
wikipedia;;;;;;;;
alphacoders;;;;;;;;
kxcdn;;;;;;;;
twitter;2000-01-21T16:28:17Z;2020-01-21T16:28:17Z;CSC CORPORATE DOMAINS, INC.;Twitter, Inc.;San Francisco;CA;US;
bufferapp;;;;;;;;
scoop;;;;;;;;
beinweb;;;;;;;;
trouter;;;;;;;;
skype;2003-04-23T10:34:20-0700;2016-04-23T00:00:00-0700;MarkMonitor, Inc.;Skype;Dublin;;IE;
gfx;;;;;;;;
live;1994-12-28T05:00:00Z;2017-12-27T05:00:00Z;CSC CORPORATE DOMAINS, INC.;Microsoft Corporation;Redmond;WA;US;
ebay-us;2000-01-27T13:54:42-0800;2016-01-27T00:00:00-0800;MarkMonitor, Inc.;eBay Inc.;San Jose;CA;US;
ebaystatic;2003-08-21T19:07:10-0700;2016-08-21T19:07:10-0700;MarkMonitor, Inc.;eBay Inc.;San Jose;CA;US;
ebay;;;;;;;;
gstatic;2008-02-11T00:00:00-0800;2016-02-11T00:00:00-0800;MarkMonitor, Inc.;Google Inc.;Mountain View;CA;US;
univ-nantes;;;;;;;;
akamaihd;2009-09-14T20:35:31Z;2016-09-14T20:35:31Z;TUCOWS, INC.;Akamai Technologies, inc.;Cambridge;MA;US;
facebook;1997-03-28T21:00:00-0800;2020-03-29T21:00:00-0700;MarkMonitor, Inc.;Facebook, Inc.;Menlo Park;CA;US;
omnitagjs;2013-12-04T16:12:56Z;2015-12-04T16:12:56Z;GANDI SAS;Omnitag JS;Neuilly sur seine;Ile-de-France;FR;
alldebrid;;;;;;;;
uptobox;;;;;;;;
dl-protect;;;;;;;;
zone-telechargement;;;;;;;;
accelerated-ideas;;;;;;;;
disqus;;;;;;;;
addthis;;;;;;;;
supersoluce;;;;;;;;
jeuxvideo;1997-02-18T05:00:00Z;2020-02-19T05:00:00Z;NETWORK SOLUTIONS, LLC.;L'Odysse Interactive;AURILLAC;NEUSSARGUES;FR;
dm;;;;;;;;
twimg;2008-09-22T18:33:28Z;2016-09-22T18:33:28Z;CSC CORPORATE DOMAINS, INC.;Twitter, Inc.;San Francisco;CA;US;
dmcdn;2009-07-03T09:48:14Z;2016-07-03T09:48:14Z;Mailclub SAS;Dailymotion;Paris;;FR;
dailymotion;2005-03-15T22:29:18Z;2017-03-15T21:29:18Z;Mailclub SAS;Dailymotion;Paris;;FR;
gameblog;;;;;;;;
mozilla;1998-01-30T21:00:00-0800;2016-01-29T21:00:00-0800;MarkMonitor, Inc.;Mozilla Corporation;Mountain View;CA;US;
google;;;MarkMonitor, Inc.;Google Inc.;Mountain View;CA;US;
